shipment_id,origin_zip,dest_zip,weight_lbs,status,freight_class,base_rate_per_mile_cwt,fuel_surcharge_percent,accessorial_charges,driver_id,vendor_id,created_at,last_updated_timestamp,skid_details,is_stackable,is_urgent,delivery_appointment,origin_country,dest_country,Quote,skid_dims
SHP13386,85238,85335,1500.0,return,92,0.1,20.0,35.0,,,2025-07-07T22:25:39.399707,2025-07-08T00:02:10.333419,,True,True,True,US,US,$4228,100x43x52
SHP94167,85288,285347,1500.0,pending,92,0.1,20.0,35.0,,,2025-07-07T22:36:30.620534,2026-03-03T07:49:17.224582,,False,False,False,US,US,$1207,22x40x45
SHP29472,85335,85288,2000.0,pending,92,0.1,20.0,35.0,,,2025-07-07T23:17:46.104613,2025-07-07T23:31:26.337030,,False,False,False,US,US,$1282,97x7x42
SHP31361,85288,85281,250.0,pending,92,0.1,20.0,35.0,,,2025-07-08T11:46:17.774628,2025-09-13T02:26:14.520195,,False,True,True,US,US,$3173,12x52x18
SHP91003,85011,L5R1S3,660.0,InTransit,70,0.1,20.0,35.0,,,2025-07-08T12:10:02.511214,2025-07-08T12:10:02.511214,,False,True,True,US,CA,$1848,65x61x55
SHP38452,85288,85335,1653.0,pending,150,0.1,20.0,35.0,,,2025-07-08T12:54:54.091661,2025-07-08T12:54:54.091661,,True,True,True,US,US,$1778,68x67x49
SHP31391,85288,85335,2205.0,pending,150,0.1,20.0,35.0,,,2025-07-08T12:55:33.596179,2025-07-08T12:56:31.819757,,True,True,True,US,US,$2093,21x1x70
SHP29871,85083,L5R1S3,5291.0,pending,125,0.1,20.0,35.0,,,2025-07-08T16:41:52.604414,2025-07-08T16:41:52.604414,,True,False,True,US,CA,$4658,48x22x9
SHP38156,85288,30033,1653.0,pending,125,0.1,20.0,35.0,,,2025-07-08T19:38:21.154139,2025-07-08T19:38:21.154139,,True,False,False,US,US,$1652,70x27x65
SHP12806,30033,85288,551.0,pending,50,0.1,20.0,35.0,,,2025-07-08T20:37:04.962942,2025-07-08T20:37:04.962942,,True,True,False,US,US,$4599,87x83x43
SHP70731,85641,85288,300.0,pending,150,0.1,20.0,35.0,,,2025-07-08T20:41:46.069456,2025-07-08T20:41:46.069456,,True,True,True,US,US,$3986,93x94x82
SHP74194,30301,85001,5000.0,pending,50,0.1,20.0,35.0,,,2025-07-08T20:50:19.293966,2025-07-08T20:50:19.293966,,False,True,False,US,US,$318,28x34x55
SHP23060,85224,85023,40.0,pending,125,0.1,20.0,35.0,,,2025-07-09T11:23:01.080547,2025-08-14T19:16:38.979827,,True,False,False,US,US,$2459,100x58x83
SHP63259,85288,84285,2646.0,pending,150,0.1,20.0,35.0,,,2025-07-09T12:11:18.629597,2025-07-09T12:11:18.629597,,True,False,False,US,US,$1864,88x75x28
SHP92174,85001,L4T1G7,2500.0,pending,125,0.1,20.0,35.0,,,2025-07-09T14:06:47.587260,2025-07-09T14:08:06.353011,,True,True,False,US,CA,$4590,15x26x13
SHP38093,10001,85001,66.0,pending,50,0.1,20.0,35.0,,,2025-07-09T14:49:54.895820,2025-07-09T14:49:54.895820,,True,True,False,US,US,$2079,77x46x65
SHP36298,H1A0A0,L5R1S3,11023.0,pending,125,0.1,20.0,35.0,,,2025-07-09T17:48:09.516205,2025-07-09T17:48:09.516205,,True,False,False,CA,CA,$1555,60x27x25
SHP60990,L1V 1E1,L4T 1G7,60.0,pending,120,0.1,20.0,35.0,,,2025-07-09T18:10:55.103492,2025-07-09T18:10:55.103492,,True,True,True,CA,CA,$3972,34x20x76
SHP85562,J8P1Z9,30024,45.0,pending,125,0.1,20.0,35.0,,,2025-07-09T18:30:18.285220,2025-07-09T18:30:18.285220,,True,True,False,CA,US,$4812,53x27x100
SHP70806,H3A 1A1,V8W 1P6,176.0,pending,70,0.1,20.0,35.0,,,2025-07-09T18:45:53.951992,2025-07-09T19:37:40.916869,,True,False,True,US,US,$15,50x42x63
SHP55120,60601,85001,176.0,pending,70,0.1,20.0,35.0,,,2025-07-09T18:46:05.551048,2025-07-09T18:46:05.551048,,True,False,False,US,US,$4435,71x73x56
SHP64715,30301,85001,23.0,pending,125,0.1,20.0,35.0,,,2025-07-09T19:18:23.814264,2025-07-09T19:18:23.814264,,True,False,False,US,US,$2126,5x57x13
SHP50038,H1A 0A1,V5K 0A1,23.0,pending,125,0.1,20.0,35.0,,,2025-07-09T19:20:51.471530,2025-07-09T19:20:51.471530,,True,False,False,CA,CA,$832,24x16x47
SHP64047,V8P 1A1,85288,200.0,pending,55,0.1,20.0,35.0,,,2025-07-09T20:51:05.991489,2025-07-09T20:51:05.991489,,True,True,True,Canada,USA,$2901,80x13x44
SHP35384,L0P1E0,B3H0A5,300.0,pending,125,0.1,20.0,35.0,,,2025-07-09T20:59:22.221156,2025-07-09T20:59:22.221156,,False,True,True,Canada,Canada,$895,83x32x93
SHP68082,H1A0A4,B3H0A5,44.0,pending,125,0.1,20.0,35.0,,,2025-07-09T22:33:39.549542,2025-07-09T22:33:39.549542,,True,True,False,Canada,Canada,$1740,78x21x51
SHP50896,B3H 0A5,85288,200.0,pending,125,0.1,20.0,35.0,,,2025-07-09T22:56:33.125883,2025-07-09T22:58:12.001915,,True,True,False,Canada,USA,$1001,67x82x9
SHP97930,B3H0B3,H1A0B2,725.0,pending,60,0.1,20.0,35.0,,,2025-07-09T23:14:08.652765,2025-07-09T23:14:08.652765,,True,False,False,Canada,Canada,$2991,81x75x46
SHP45342,H1A0A9,B3H0B7,200.0,pending,125,0.1,20.0,35.0,,,2025-07-09T23:47:00.692682,2025-07-11T16:19:45.072400,,False,False,False,Canada,Canada,,
SHP19523,85288,30033,1102.0,pending,150,0.1,20.0,35.0,,,2025-07-10T00:41:42.835642,2025-07-10T00:41:42.835642,,True,True,True,USA,USA,$1426,16x23x8
SHP73445,85288,L4T0A2,661.0,pending,125,0.1,20.0,35.0,,,2025-07-10T11:24:00.158956,2025-07-10T11:24:00.158956,,True,False,False,USA,Canada,$4707,70x24x54
SHP48652,85001,L5R1S3,200.0,pending,125,0.1,20.0,35.0,,,2025-07-10T11:45:42.769596,2025-07-11T16:33:35.439643,,True,True,False,USA,Canada,$2216,47x75x30
SHP16731,L5R1S3,85288,200.0,pending,125,0.1,20.0,35.0,,,2025-07-11T17:25:22.939278,2025-07-11T17:25:22.939278,,True,False,False,Canada,USA,$640.27,20x30x40
SHP76424,85283,85288,4409.0,pending,125,0.1,20.0,35.0,,,2025-07-11T17:55:53.476509,2025-07-11T17:55:53.476509,,True,False,False,US,US,$97.06,30x20x40 inches
SHP87203,85001,L4T0A1,1000.0,pending,125,0.1,20.0,35.0,,,2025-07-13T22:52:56.047234,2025-07-13T22:54:18.288812,,True,False,False,US,CA,$3072.38,60x50x90
SHP37785,85001,L4N1G7,1000.0,pending,55,0.1,20.0,35.0,,,2025-07-13T23:18:41.657805,2025-07-13T23:18:41.657805,,False,False,False,USA,Canada,,unknown
SHP12501,85001,L4N1G7,150.0,pending,125,0.1,20.0,35.0,,,2025-07-13T23:20:08.560525,2025-07-13T23:20:08.560525,,False,False,False,USA,Canada,,unknown
SHP83649,85001,L4N1G7,1000.0,pending,125,0.1,20.0,35.0,,,2025-07-13T23:32:02.258692,2025-07-13T23:32:02.258692,,False,False,False,US,CA,,unknown
SHP54341,85001,L4N1G7,1000.0,pending,125,0.1,20.0,35.0,,,2025-07-13T23:37:20.029794,2025-07-13T23:37:20.029794,,False,False,False,US,CA,,unknown
SHP80018,85001,L4T 1G7,500.0,pending,125,0.1,20.0,35.0,,,2025-07-14T00:31:29.848808,2025-07-14T00:31:29.848808,,False,False,False,US,CA,$1553.00,10x20x30
SHP53083,85001,L5N 1G7,500.0,pending,125,0.1,20.0,35.0,,,2025-07-14T00:42:40.024780,2025-07-14T00:42:40.024780,,False,False,False,US,CA,$1548.17,30x50x70
SHP93479,85001,L4N1G7,1000.0,pending,125,0.1,20.0,35.0,,,2025-07-14T01:44:24.130923,2025-07-14T01:44:24.130923,,False,False,False,US,Canada,,unknown
SHP46013,85288,L4T0A2,551.0,pending,50,0.1,20.0,35.0,,,2025-07-14T01:33:48.147212,2025-07-14T01:33:48.147212,,True,False,False,USA,Canada,,unknown
SHP37259,85288,L4T0A2,2000.0,pending,150,0.1,20.0,35.0,,,2025-07-14T02:22:54.595921,2025-07-14T02:22:54.595921,,True,True,True,United States,Canada,6867.8,unknown
SHP10413,85001,L4N1G7,100.0,pending,125,0.1,20.0,35.0,,,2025-07-14T18:59:22.371740,2025-07-14T18:59:22.371740,,True,True,False,US,Canada,345.64,unknown
SHP48043,85001,L4N1G7,150.0,pending,70,0.1,20.0,35.0,,,2025-07-14T19:05:30.253221,2025-07-14T19:05:30.253221,,True,True,False,US,Canada,399.66,unknown
SHP56901,85027,12170,1856.0,pending,50,0.1,20.0,35.0,,,2025-07-17T11:25:59.792802,2025-07-17T11:25:59.792802,,True,True,True,US,US,4509.0,unknown
SHP84824,85001,85208,2000.0,pending,125,0.1,20.0,35.0,,,2025-07-17T12:58:49.453450,2025-07-17T12:58:49.453450,,True,True,True,USA,USA,116.42,unknown
SHP40917,85027,L4M6J1,1728.0,pending,85,0.1,20.0,35.0,,,2025-07-21T10:33:41.832037,2025-07-21T10:33:41.832037,,False,True,True,USA,Canada,4179.92,unknown
SHP14522,85001,85288,251.0,pending,155,0.1,20.0,35.0,,,2025-07-29T13:52:31.643762,2025-07-29T13:52:31.643762,,True,False,False,USA,USA,39.39,unknown
SHP94686,85001,L5R1S3,4400.0,pending,150,0.1,20.0,35.0,,,2025-07-29T15:37:56.946256,2025-07-29T15:37:56.946256,,True,True,True,US,CA,15135.8,unknown
SHP13738,85001,85285,2000.0,pending,125,0.1,20.0,35.0,,,2025-08-10T21:19:50.577872,2025-08-12T03:23:37.801648,,False,False,False,USA,USA,35.35,unknown
SHP35662,89109,L4T0A1,3500.0,pending,70,0.1,20.0,35.0,,,2025-08-11T02:00:59.058712,2025-08-11T02:00:59.058712,,True,True,True,USA,Canada,8509.76,unknown
SHP11434,85001,L5R1S3,3307.0,pending,125,0.1,20.0,35.0,,,2025-08-11T17:53:55.289981,2025-08-11T17:53:55.289981,,True,True,True,USA,Canada,10075.05,unknown
SHP79459,85001,L5R1S3,4400.0,pending,50,0.1,20.0,35.0,,,2025-08-11T18:27:57.528062,2025-08-11T18:27:57.528062,,True,False,True,USA,Canada,9327.8,unknown
SHP76563,85001,L5R1S3,1000.0,pending,125,0.1,20.0,35.0,,,2025-08-12T01:37:12.746014,2025-08-12T01:37:12.746014,,True,False,False,United States,Canada,3071.0,unknown
SHP43926,85083,L5R1S3,3307.0,pending,125,0.1,20.0,35.0,,,2025-08-13T00:04:07.488592,2025-08-13T00:04:07.488592,,True,False,True,USA,Canada,10207.4,unknown
SHP38039,85027,L5R 1S3,4409.0,pending,125,0.1,20.0,35.0,,,2025-08-13T17:50:55.922921,2025-08-13T17:50:55.922921,,True,False,False,USA,Canada,13603.26,unknown
SHP78772,85027,L3R 1S3,8818.18,pending,93,0.1,20.0,35.0,,,2025-08-22T10:01:02.857286,2025-08-22T10:01:02.857286,,True,True,True,USA,Canada,27464.13,unknown
SHP44247,L5R1S3,85001,1287.0,pending,60,0.1,20.0,35.0,,,2025-08-23T10:11:59.709808,2025-08-23T10:11:59.709808,,True,True,True,Canada,USA,3162.41,unknown
SHP66447,85085,L5R1S3,4409.0,pending,70,0.1,20.0,35.0,,,2025-08-25T06:12:13.910926,2025-08-25T06:12:13.910926,,True,False,True,US,CA,10639.35,unknown
SHP51991,85027,L5R1S3,92594.0,pending,150,0.1,20.0,35.0,,,2025-08-26T04:09:05.239912,2025-08-26T04:09:05.239912,,True,True,True,USA,Canada,322151.01,unknown
SHP73095,85001,L5R1S3,440.0,pending,125,0.1,20.0,35.0,,,2025-08-27T12:06:48.806635,2025-08-27T12:06:48.806635,,True,False,True,USA,Canada,1399.38,unknown
SHP61997,85001,85288,5511.0,pending,125,0.1,20.0,35.0,,,2025-08-28T02:37:40.211846,2025-08-28T02:37:40.211846,,True,False,False,USA,USA,120.18,unknown
SHP97508,85011,L3R 1E3,7716.0,pending,125,0.1,20.0,35.0,,,2025-08-30T10:40:44.054005,2025-08-30T10:40:44.054005,,True,False,True,USA,Canada,24142.25,unknown
SHP86400,85001,L4M6J1,2000.0,pending,125,0.1,20.0,35.0,,,2025-09-06T01:43:25.607164,2025-09-06T01:43:25.607164,,True,False,False,USA,Canada,6082.16,unknown
SHP77684,85002,L5R1S3,440.0,pending,125,0.1,20.0,35.0,,,2025-09-13T02:09:17.329571,2025-09-13T02:09:17.329571,,True,False,True,US,CA,1370.0,unknown
SHP75073,85027,30308,2204.62,pending,125,0.1,20.0,35.0,,,2025-09-17T17:48:20.656209,2025-09-17T17:48:20.656209,,True,True,True,US,US,5626.89,unknown
SHP65942,85001,32001,2204.62,pending,92,0.1,20.0,35.0,,,2025-09-17T22:16:51.142977,2025-09-17T22:16:51.142977,,True,True,True,USA,USA,1991.25,unknown
SHP19483,85083,32005,4409.0,pending,125,0.1,20.0,35.0,,,2025-09-18T20:18:49.705537,2025-09-18T20:18:49.705537,,True,True,True,US,US,3831.68,unknown
SHP69022,85054,34212,2204.62,pending,125,0.1,20.0,35.0,,,2025-09-23T19:18:04.685377,2025-09-23T19:18:04.685377,,True,True,True,USA,USA,6779.95,unknown
SHP76075,33101,30303,8.0,pending,125,0.1,20.0,35.0,,,2025-09-26T03:12:42.334280,2025-09-26T03:12:42.334280,,True,False,False,US,US,42.3,unknown
SHP66341,30024,55344,161.0,pending,50,0.1,20.0,35.0,,,2025-09-30T10:26:44.278112,2025-09-30T10:26:44.278112,,False,False,True,USA,USA,209.81,unknown
SHP13733,30024,25291,8.27,pending,125,0.1,20.0,35.0,,,2025-09-30T19:58:18.749058,2025-09-30T19:58:18.749058,,True,True,False,USA,USA,52.53,unknown
SHP85024,85027,10030,2204.0,pending,125,0.1,20.0,35.0,,,2025-09-30T21:43:50.744176,2025-09-30T21:43:50.744176,,True,True,True,US,US,7483.68,unknown
SHP15370,85001,55108,2204.0,pending,125,0.1,20.0,35.0,,,2025-10-01T04:57:57.865345,2025-10-01T04:57:57.865345,,True,False,False,US,US,5044.38,unknown
SHP96875,85027,10001,1102.0,pending,125,0.1,20.0,35.0,,,2025-10-01T05:09:08.081364,2025-10-01T05:09:08.081364,,True,True,True,US,US,3744.13,unknown
SHP16688,85027,30308,500.0,pending,100,0.1,20.0,35.0,,,2025-10-01T16:30:15.666355,2025-10-01T16:30:15.666355,,True,True,True,US,US,1303.22,unknown
SHP36986,10754,30024,17.6,pending,60,0.1,20.0,35.0,,,2025-10-01T18:10:32.949917,2025-10-01T18:10:32.949917,,True,True,True,USA,USA,64.18,unknown
SHP25940,10754,30024,17.6,pending,60,0.1,20.0,35.0,,,2025-10-01T18:10:40.390641,2025-10-01T18:10:40.390641,,True,True,True,USA,USA,64.18,unknown
SHP65964,30024,28126,55.0,pending,125,0.1,20.0,35.0,,,2025-10-09T20:14:05.829926,2025-10-09T20:14:05.829926,,False,False,True,USA,USA,52.08,unknown
SHP74961,85083,30309,3307.0,pending,125,0.1,20.0,35.0,,,2025-11-12T23:15:57.755970,2025-11-12T23:15:57.755970,,True,True,True,USA,USA,8423.01,unknown
SHP46143,85004,30309,551.0,pending,55,0.1,20.0,35.0,,,2025-11-15T16:15:34.176993,2025-11-15T16:15:34.176993,,True,True,True,US,US,1111.5,unknown
SHP83871,85083,30309,1102.0,pending,125,0.1,20.0,35.0,,,2025-11-21T16:50:39.820712,2025-11-21T16:50:39.820712,,True,True,True,USA,USA,2830.16,unknown
SHP74894,85001,84130,600.0,pending,125,0.1,20.0,35.0,,,2025-11-25T15:11:27.097995,2025-11-25T15:12:35.246228,,True,True,True,US,US,1532.85,unknown
SHP15729,85083,10004,1102.0,pending,50,0.1,20.0,35.0,,,2025-11-25T23:14:35.858632,2025-11-25T23:14:35.858632,,True,True,True,USA,USA,1979.46,unknown
SHP73290,85001,M4B1B6,1102.0,pending,150,0.1,20.0,35.0,,,2025-11-27T18:11:28.361449,2025-11-27T18:11:28.361449,,True,True,True,US,CA,2706.51,unknown
SHP16971,85001,B3J0C3,1102.0,pending,125,0.1,20.0,35.0,,,2025-12-04T22:39:14.592212,2025-12-04T22:39:14.592212,,True,True,True,US,CA,5047.42,unknown
SHP64301,85001,30309,1000.0,pending,100,0.1,20.0,35.0,,,2025-12-10T00:06:45.105855,2025-12-10T00:06:45.105855,,False,True,True,USA,USA,2531.42,unknown
SHP40292,85001,L4T1E3,1102.0,pending,125,0.1,0.2,35.0,,,2025-12-10T00:37:23.800826,2025-12-10T00:37:23.800826,,True,True,True,US,CA,2829.91,unknown
SHP65346,85083,10001,1102.0,pending,125,0.1,20.0,35.0,,,2025-12-10T04:29:15.019180,2025-12-10T04:29:15.019180,,True,True,True,USA,USA,3742.61,unknown
SHP56098,19341,11001,459.0,pending,125,0.1,20.0,35.0,,,2026-01-21T20:04:45.774711,2026-01-21T20:04:45.774711,,True,False,True,USA,USA,124.31,unknown
SHP27032,85027,10004,5512.0,pending,55,0.1,20.0,35.0,,,2026-01-21T22:25:39.704064,2026-01-21T22:25:39.704064,,True,False,True,USA,USA,14554.27,unknown
SHP91365,85027,30309,551.0,pending,125,0.1,20.0,35.0,,,2026-01-30T21:34:59.669549,2026-01-30T21:34:59.669549,,True,True,True,USA,USA,1439.42,unknown
SHP49241,20190,07078,321.0,pending,125,0.1,20.0,35.0,,,2026-02-01T15:33:01.230829,2026-02-01T15:33:01.230829,,True,False,False,United States,United States,140.87,unknown
SHP94509,85027,30309,1102.0,pending,125,0.1,20.0,35.0,,,2026-02-06T21:57:29.404496,2026-02-06T21:57:29.404496,,True,True,True,USA,USA,3744.13,unknown
SHP33755,85281,85288,2204.62,pending,125,0.1,20.0,35.0,,,2026-02-10T03:27:10.342005,2026-02-10T03:27:10.342005,,True,False,False,USA,USA,43.82,unknown
SHP11265,85281,85288,4409.0,pending,125,0.1,20.0,35.0,,,2026-02-10T21:38:38.168150,2026-02-10T21:38:38.168150,,True,False,False,US,US,52.64,unknown
SHP17804,14207,16503,5342.0,pending,55,0.1,20.0,35.0,,,2026-02-11T03:45:33.077183,2026-02-11T03:45:33.077183,,False,True,False,United States,United States,611.94,unknown
SHP89482,85281,85288,2643.0,pending,150,0.1,20.0,35.0,,,2026-03-03T07:53:41.264190,2026-03-03T07:53:41.264190,,True,True,False,USA,USA,47.37,unknown
SHP83314,85027,30309,1102.0,pending,125,0.1,20.0,35.0,,,2026-03-03T16:29:17.379188,2026-03-03T16:29:17.379188,,True,True,True,USA,USA,2833.2,unknown
SHP95998,85027,30309,1100.0,pending,75,0.1,20.0,35.0,,,2026-03-04T21:15:00.633759,2026-03-04T21:15:00.633759,,True,True,True,USA,USA,2975.3,unknown
SHP14401,85027,30309,2000.0,pending,125,0.1,20.0,35.0,,,2026-04-08T16:43:14.045813,2026-04-08T16:43:14.045813,,True,True,True,US,US,5113.4,unknown
SHP41137,85027,30309,1102.0,pending,125,0.1,20.0,35.0,,,2026-04-09T19:43:36.157426,2026-04-09T19:43:36.157426,,True,True,True,US,US,2833.2,unknown
SHP78157,85083,10005,551.0,pending,125,0.1,20.0,35.0,,,2026-04-28T23:07:40.721559,2026-04-28T23:07:40.721559,,True,True,True,US,US,1433.34,unknown
SHP19419,85083,30309,551.0,pending,125,0.1,20.0,35.0,,,2026-05-04T21:55:21.864071,2026-05-04T21:55:21.864071,,False,True,True,USA,USA,1433.34,unknown
